{"cameraMode":{"drawMode":0,"name":"Shaded","section":"Shading Mode"},"sceneLighting":false,"audioPlay":false,"sceneViewState":{"m_AlwaysRefresh":false,"showFog":true,"showSkybox":false,"showFlares":true,"showImageEffects":true,"showParticleSystems":true,"showVisualEffectGraphs":true,"m_FxEnabled":true},"in2DMode":false,"pivot":{"x":9.300971031188965,"y":0.4253831207752228,"z":2.3777596950531008},"rotation":{"x":0.011488796211779118,"y":0.9756588339805603,"z":-0.21254867315292359,"w":0.052736856043338779},"size":1.2074124813079835,"orthographic":false}