{"cameraMode":{"drawMode":0,"name":"Shaded","section":"Shading Mode"},"sceneLighting":false,"audioPlay":false,"sceneViewState":{"m_AlwaysRefresh":false,"showFog":true,"showSkybox":false,"showFlares":true,"showImageEffects":true,"showParticleSystems":true,"showVisualEffectGraphs":true,"m_FxEnabled":true},"in2DMode":false,"pivot":{"x":3.8798599243164064,"y":11.560623168945313,"z":4.4202117919921879},"rotation":{"x":0.11213819682598114,"y":-0.047084663063287738,"z":0.005320734344422817,"w":0.9925836324691773},"size":182.0021514892578,"orthographic":false}