{"cameraMode":{"drawMode":0,"name":"Shaded","section":"Shading Mode"},"sceneLighting":false,"audioPlay":false,"sceneViewState":{"m_AlwaysRefresh":false,"showFog":true,"showSkybox":false,"showFlares":true,"showImageEffects":true,"showParticleSystems":true,"showVisualEffectGraphs":true,"m_FxEnabled":true},"in2DMode":false,"pivot":{"x":6.7616496086120609,"y":0.5929999351501465,"z":4.6076836585998539},"rotation":{"x":-0.20632311701774598,"y":0.7867079973220825,"z":-0.4661368131637573,"w":-0.34821778535842898},"size":0.7649880051612854,"orthographic":false}