{"cameraMode":{"drawMode":0,"name":"Shaded","section":"Shading Mode"},"sceneLighting":false,"audioPlay":false,"sceneViewState":{"m_AlwaysRefresh":false,"showFog":true,"showSkybox":false,"showFlares":true,"showImageEffects":true,"showParticleSystems":true,"showVisualEffectGraphs":true,"m_FxEnabled":true},"in2DMode":false,"pivot":{"x":0.4659879803657532,"y":1.957762598991394,"z":1.5989999771118165},"rotation":{"x":0.13696004450321198,"y":-0.4601539969444275,"z":0.07208812981843949,"w":0.8742453455924988},"size":1.7154603004455567,"orthographic":false}