{"cameraMode":{"drawMode":0,"name":"Shaded","section":"Shading Mode"},"sceneLighting":false,"audioPlay":false,"sceneViewState":{"m_AlwaysRefresh":false,"showFog":true,"showSkybox":false,"showFlares":true,"showImageEffects":true,"showParticleSystems":true,"showVisualEffectGraphs":true,"m_FxEnabled":true},"in2DMode":false,"pivot":{"x":9.435317039489746,"y":0.5151615142822266,"z":2.402676582336426},"rotation":{"x":0.13676664233207704,"y":0.05346512794494629,"z":-0.0073926434852182869,"w":0.9891319870948792},"size":14.718968391418457,"orthographic":false}