{"cameraMode":{"drawMode":0,"name":"Shaded","section":"Shading Mode"},"sceneLighting":false,"audioPlay":false,"sceneViewState":{"m_AlwaysRefresh":false,"showFog":true,"showSkybox":false,"showFlares":true,"showImageEffects":true,"showParticleSystems":true,"showVisualEffectGraphs":true,"m_FxEnabled":true},"in2DMode":false,"pivot":{"x":0.23750001192092896,"y":0.2892458438873291,"z":1.0597071647644044},"rotation":{"x":-0.013002395629882813,"y":0.9840574860572815,"z":-0.15779702365398408,"w":-0.08107464015483856},"size":1.8972352743148804,"orthographic":false}