{"cameraMode":{"drawMode":0,"name":"Shaded","section":"Shading Mode"},"sceneLighting":false,"audioPlay":false,"sceneViewState":{"m_AlwaysRefresh":false,"showFog":true,"showSkybox":false,"showFlares":true,"showImageEffects":true,"showParticleSystems":true,"showVisualEffectGraphs":true,"m_FxEnabled":true},"in2DMode":false,"pivot":{"x":0.4659876227378845,"y":1.9550000429153443,"z":1.5989999771118165},"rotation":{"x":0.06447554379701615,"y":0.7056307792663574,"z":-0.0647444874048233,"w":0.7026699781417847},"size":1.7146122455596924,"orthographic":false}