{"cameraMode":{"drawMode":0,"name":"Shaded","section":"Shading Mode"},"sceneLighting":false,"audioPlay":false,"sceneViewState":{"m_AlwaysRefresh":false,"showFog":true,"showSkybox":false,"showFlares":true,"showImageEffects":true,"showParticleSystems":true,"showVisualEffectGraphs":true,"m_FxEnabled":true},"in2DMode":false,"pivot":{"x":26.548288345336915,"y":2.4412717819213869,"z":9.205137252807618},"rotation":{"x":0.029806464910507203,"y":0.7972192764282227,"z":-0.03949463739991188,"w":0.6016585826873779},"size":0.46392104029655459,"orthographic":false}