{"cameraMode":{"drawMode":0,"name":"Shaded","section":"Shading Mode"},"sceneLighting":false,"audioPlay":false,"sceneViewState":{"m_AlwaysRefresh":false,"showFog":true,"showSkybox":false,"showFlares":true,"showImageEffects":true,"showParticleSystems":true,"showVisualEffectGraphs":true,"m_FxEnabled":true},"in2DMode":false,"pivot":{"x":9.640110969543457,"y":1.0949198007583619,"z":4.584476470947266},"rotation":{"x":-0.26490044593811037,"y":0.6995934844017029,"z":-0.31822487711906435,"w":-0.5823618769645691},"size":0.09149674326181412,"orthographic":false}